point_id,RMSE,SMAPE
point1,0.004052471493081737,0.6149739009150497
point10,0.0032594081840324977,0.6529645296290074
point100,0.0030591269976825873,0.3910364439925768
point1000,0.0023772508690218194,0.30514512492255436
point101,0.003517524671093965,0.4621091048769132
point102,0.002746373924250039,0.32984606186390397
point103,0.004618635297115114,0.6436764423428619
point104,0.005156763583496359,1.0010627838253814
point105,0.00492385751017234,0.7216431467614939
point106,0.0021280178485359237,0.4356384654640669
point107,0.0030122909767970533,0.353882042510765
point108,0.005308750436367585,0.8072863820440547
point109,0.0026651384636051526,0.35796842175262616
point11,0.008591156091572901,4.079385496526179
point110,0.006329945255803901,14.286240858332302
point111,0.0037695636943182054,0.6947180218216653
point112,0.002628600447087445,0.42061927156503687
point113,0.002961453203855822,0.45059432820169654
point114,0.0045184128654546275,1.1035915174388642
point115,0.0029270028018644964,0.3468933221785419
point116,0.0039191968909259795,1.2249854918371454
point117,0.002374799075571557,0.3326563934513983
point118,0.004683847933172978,0.8728028373323168
point119,0.002594277402464413,0.3151594272967679
point12,0.0044423511856243065,0.8476281057421318
point120,0.0026320251964117524,0.7811693289380812
point121,0.0017906761914564565,0.2733304131789849
point122,0.0031709357945251494,0.7541092683545286
point123,0.00393849167159602,0.6010028605104383
point124,0.004750723268970798,0.7398740656869668
point125,0.0017729923017222244,0.230524402846004
point126,0.0030526183426020457,0.49538969382169307
point127,0.005750781203941057,0.9405019356717172
point128,0.003378306934739312,0.40744088938215395
point129,0.003273519185186911,0.6121611129712605
point13,0.0030592340481464496,0.38207258681627343
point130,0.0026278795223951016,0.4169139316794591
point131,0.004554330365213575,0.9846643381577288
point132,0.002233940455238948,0.4622535720304489
point133,0.002799468278081249,0.34253462825630354
point134,0.0028065781832004523,0.3713247119803409
point135,0.004867188327748254,0.7206296728936151
point136,0.0047272587220177536,1.253816489700565
point137,0.0020053651118965747,0.25516284540187445
point138,0.0030538895813758604,0.38646489482017987
point139,0.005018083666750062,0.6973950077602259
point14,0.0027077652531495885,0.3627194500349006
point140,0.002329769221505352,0.32742218640552717
point141,0.0031402741321211913,0.37568152295681356
point142,0.002612077134750998,0.33002518574247464
point143,0.0031561766722729974,0.5731415569295896
point144,0.002751684747824699,0.5072831201120963
point145,0.0037135899307150096,0.43869602321618206
point146,0.008312069040533223,0.745477958896776
point147,0.0024191187001974934,0.2998251280618921
point148,0.005296791144509688,0.7933804215393254
point149,0.003017989700260219,0.39120877137748206
point15,0.005681507423458112,0.5040783117385965
point150,0.001990420486288658,0.2859859530395473
point151,0.006768607417501712,0.6434889509681794
point152,0.003863676096459994,0.5017648979905668
point153,0.0023601748379811003,0.29141161119517484
point154,0.004849781387212861,0.8611608248930839
point155,0.002707543659294683,0.5914477462071286
point156,0.0018827760897955827,0.2496683370902323
point157,0.005011095385865306,60.407961322846624
point158,0.001901875653224008,0.3795439603721129
point159,0.00508026595131386,0.8005430172042175
point16,0.0023526420715277133,0.3013205706219764
point160,0.0025501790782725534,0.333977143529989
point161,0.003988289648364604,2.904597814223414
point162,0.004307461583809991,5.4599082071862
point163,0.006405050426691024,1.7570240319641768
point164,0.002513445993765265,0.44766814195073384
point165,0.003928207383739338,0.6799537685114342
point166,0.002316382979849354,0.3524880163023676
point167,0.0038289269348283344,0.5743452335743674
point168,0.0020842757850577484,0.3994416342452704
point169,0.002909346422235681,0.4929218801200755
point17,0.004638279113725264,6.167794054957197
point170,0.0032461373098953187,0.5892117723871092
point171,0.0025738627683847396,0.37984530166880787
point172,0.001517532337552935,0.2625222595050795
point173,0.006566410333449786,0.6543668700953438
point174,0.0038591177498503416,0.9564283383937058
point175,0.003317943453516677,0.6570145125386633
point176,0.0035461611901376772,2.844382524635532
point177,0.004921539964286584,0.9940730534398469
point178,0.005865991344391628,1.0683023156269869
point179,0.002766364189161697,0.39624861901250746
point18,0.0026917333070277483,0.44561385873659953
point180,0.0022341729191845306,0.30004858373780335
point181,0.003585485691740874,0.56545320886886
point182,0.003123180685574149,0.4529331553385113
point183,0.002457503775427906,0.3115164482030414
point184,0.002846339449443592,0.6442855821408873
point185,0.0020168820579808183,0.30852231686829834
point186,0.00546148404904227,0.8832748041905788
point187,0.006963899147556908,21.40863424671009
point188,0.005887388497502983,0.9581486954652633
point189,0.001794222519754518,0.28281643134304174
point19,0.005178606691059026,0.8296658479397465
point190,0.003950984446455158,0.47593441486126825
point191,0.0018254828948632167,0.2617136339510624
point192,0.0026708606645252206,0.34752423909773555
point193,0.002518370234591148,0.39828951283904973
point194,0.0038966816045181646,0.6829519072564944
point195,0.0021999078550046154,0.29074000462900085
point196,0.0013802571427678852,0.2416763922845075
point197,0.0021633881381218608,0.37689178586760236
point198,0.007612117989744871,16.61068910661545
point199,0.004661007154125987,2.62025320265415
point2,0.002781687963501067,0.7454908123774647
point20,0.0027446351827634286,0.4191757073490853
point200,0.005678891634375232,12.37500571771855
point201,0.0025689744908987864,0.301952684694992
point202,0.004169609080648853,0.6230439728914507
point203,0.0017372530278039677,0.28604077290513774
point204,0.0016063565083740303,0.2725269700869275
point205,0.004029238479360405,2.1343499915268747
point206,0.002945329008492495,0.42880842272394115
point207,0.005200439298448058,0.9306257799899834
point208,0.005021425778944361,0.9696270745300843
point209,0.0038198371538909906,0.6424964309900028
point21,0.003839834194462438,0.51697982837525
point210,0.00376724711189781,0.4416507937635387
point211,0.0034330895945116984,0.6137813600869158
point212,0.0035261509368217534,0.8695623111808539
point213,0.005387981227688358,1.5314786233197044
point214,0.00294362020687374,0.39671673501733656
point215,0.002809988452382306,0.33646642988517883
point216,0.0031013005497954817,0.3942582872988757
point217,0.003673164546022338,0.44484445656667654
point218,0.0020321798867865494,0.2707216514268375
point219,0.0021095153931692426,0.4058423429981266
point22,0.0060334929390734515,0.5686361660861311
point220,0.010816476655939938,0.9093859424460375
point221,0.0029284917814679044,0.5291398664390651
point222,0.002552789268380147,0.33503203452322605
point223,0.0024559442144980533,0.3127031034590435
point224,0.0045836454117440546,0.6201157994509334
point225,0.005606233776658826,0.971923875858646
point226,0.0030078117439603955,0.37618186642098833
point227,0.004507235457027592,0.704630432475495
point228,0.004108983595716046,0.4759424125606833
point229,0.002117712711755955,0.31464846662736357
point23,0.0023268139554057177,0.3120161627039814
point230,0.002760601541519473,0.3461144304286636
point231,0.006168127496008311,0.520855703646752
point232,0.006720413626303794,1.075843119041873
point233,0.001870868538092691,0.3370559387254767
point234,0.007965936451980633,1.5600374154348973
point235,0.005760232133479233,1.1121394128528705
point236,0.004058970490378847,0.8677156092328452
point237,0.003208037014602947,0.8116696734697387
point238,0.0028262690914043673,0.362381353852533
point239,0.0018389921663072104,0.2533916039388967
point24,0.004277922641962381,0.6665978755523936
point240,0.003811487461797749,0.6682196711404306
point241,0.003958232303565142,0.5554133617781807
point242,0.002677493402743168,0.34007737736010174
point243,0.0038296134274791475,0.4573054807923733
point244,0.002623179649462616,0.33151639639790814
point245,0.0022184307940052903,0.3763518820896919
point246,0.0032980450126261864,0.5189714822892001
point247,0.004041707920225307,0.7496253670359735
point248,0.0021600916482946127,0.2992966195185023
point249,0.0027950285815675252,0.37214339711875355
point25,0.0050280854957704445,0.7773361065969192
point250,0.004297793101314258,0.7378839881204823
point251,0.006269026980310323,1.12899095308927
point252,0.008124877041743729,0.7121487454593312
point253,0.0032048159083654794,0.4243918264378751
point254,0.0031087460772583207,0.45048788381609384
point255,0.0019856647860237078,0.37620902940283196
point256,0.0037414250604723433,0.48333527889582856
point257,0.003447597835605383,0.4247781646725902
point258,0.004988370809518969,0.8704558406990741
point259,0.0016633499536679542,0.2412442075720447
point26,0.004258579364551121,1.3010044871734854
point260,0.004052004303343814,0.5176513252416951
point261,0.0032681630066772114,0.3829994628942333
point262,0.005361098605559233,1.1031921987910283
point263,0.006651575192785552,0.5986054587736328
point264,0.004408567482257306,0.682657617978964
point265,0.002510086053545423,0.3256066968531113
point266,0.002349811130289162,0.3025751457297987
point267,0.002117693235672221,0.29579521924943375
point268,0.005357781052294989,0.7849532992488131
point269,0.0018004884424613616,0.24482061761607835
point27,0.0030760878445185063,0.7653559875635043
point270,0.0027838987295511044,0.5392910004726938
point271,0.002981712291612374,0.877743120344057
point272,0.0039153967937991686,0.5662517351004374
point273,0.0020341554218503187,0.2999386744109727
point274,0.003162131813593144,0.5780676273243328
point275,0.004580355404735874,1.0493701817932186
point276,0.0023167473188426737,0.5614407273804267
point277,0.005700258074600556,0.8828213195519472
point278,0.0036376141417882183,0.6431978392021308
point279,0.004085314688971539,0.5231114726140218
point28,0.002762093746100868,0.407593122442484
point280,0.0027384776576008176,0.6069127570462779
point281,0.005436927367611727,1.0680060817567283
point282,0.0026558473769978503,0.4485627381519347
point283,0.0034739472493328233,1.0477986252044449
point284,0.002667818634971102,0.429357819216389
point285,0.004171011804022583,1.053327989136546
point286,0.004752590294003167,0.7803912482049364
point287,0.0024726712799350843,0.29726652669325204
point288,0.0030763762909302296,0.3816257833185362
point289,0.004216596818526951,0.5061360075463875
point29,0.00471826070056824,0.70854880456562
point290,0.003950928962843213,0.585703872804379
point291,0.0017044395141244913,0.26850564099259266
point292,0.0014668264846064397,0.21712087095651908
point293,0.003854108989487292,0.5775257045826703
point294,0.002568437783119719,0.3688929352153531
point295,0.008558514997638168,0.7266660510807573
point296,0.003719268276636278,2.3665890926925095
point297,0.0038028553510087546,0.877428262407082
point298,0.0029230766685486693,0.4532930456594765
point299,0.0042601770502227075,2.2106102754759824
point3,0.00399263844103289,0.4723436959339084
point30,0.0042766254528552,1.2406977367195426
point300,0.005232461499172158,0.8074415443215952
point301,0.0019990830188874238,0.321621731491504
point302,0.002013143300604418,0.288177419631715
point303,0.003390707181148676,0.6330541780418215
point304,0.0034964578957769835,0.6883030858351867
point305,0.019935599086535256,2.107107627082751
point306,0.0027603485496585957,0.3314402006731065
point307,0.002743769103365039,0.5620066395409203
point308,0.0014425375962430498,0.1993763668813568
point309,0.0035802919761398527,0.6352443537071775
point31,0.002457619557529184,0.3912894439861999
point310,0.0019209020261529643,0.23457128994830265
point311,0.004709628002688814,0.7755075850476272
point312,0.0014280532280183153,0.20758860437749335
point313,0.003972608961179705,0.6689348281209558
point314,0.0034017918873681147,1.1475273495344034
point315,0.005433381095078005,0.9924980349126681
point316,0.0025347276397220102,0.46219811282287027
point317,0.0031387677785308884,0.4063084853916736
point318,0.0026851528459889158,0.5097330239213969
point319,0.002520384122291226,0.48917682788972494
point32,0.0031140820839414157,0.7893348681643902
point320,0.002803934250112941,0.36928296610584493
point321,0.003306737320585496,1.2150319397625076
point322,0.0033506401458876386,0.5186008147390997
point323,0.003460230364357489,0.41789503222290175
point324,0.0026577401408910384,0.5236507602407972
point325,0.0023138046916284963,0.2897271030170669
point326,0.002807709842617942,0.7095854090757331
point327,0.005632176657239143,0.532741332412604
point328,0.003975843016076691,0.72296003364066
point329,0.002172006920990163,0.31655571740616645
point33,0.0021901484990475804,0.3932162996676835
point330,0.0038621366041757393,0.4503558476601689
point331,0.002519914705942529,0.48149463882004295
point332,0.003740895829525728,0.9713174747547413
point333,0.0040399267189294924,0.46721184848933706
point334,0.0024194111968032323,0.3760147693201965
point335,0.003260761770341986,0.4893391209252478
point336,0.002780567649108312,0.4101749580990447
point337,0.0035093327434871932,0.4414353457084266
point338,0.002599162045115307,0.4578521306861429
point339,0.0038777678696933536,1.2502886922601268
point34,0.0038941848030641987,0.7751846039738423
point340,0.005899053979689727,1.0833521874700303
point341,0.0034683404500338985,0.4876881187898921
point342,0.008597271409312214,5.093308659825302
point343,0.002009422661286284,0.31293764502516197
point344,0.003863180702364097,0.6920986467325283
point345,0.003160150878124111,0.3705471390491217
point346,0.0026892496142689195,0.35923726323284294
point347,0.009767839659048514,0.7864848013565042
point348,0.00660276366980075,1.3080969952471926
point349,0.0028392803091856047,0.33089769014413434
point35,0.004172555010491442,0.8011515233248736
point350,0.004857299557820981,0.6466647177903829
point351,0.0028777826552650394,0.5750701884801831
point352,0.0023103360973869254,0.3110149792037121
point353,0.00460312216099026,0.5290410620658632
point354,0.0032831437363006685,0.4060428131880534
point355,0.0019346440641586828,0.397105593434595
point356,0.0028460113426754838,0.38580662037302205
point357,0.002333150453388114,0.5214469516778116
point358,0.002899470106026292,0.47000221711975854
point359,0.0020840184687281466,0.36164328661444867
point36,0.0036306121962633117,0.5053647387423955
point360,0.002104229745222473,0.3252084226763438
point361,0.0030478799161800974,0.4070249197813711
point362,0.0031799679076448414,0.500370609990063
point363,0.004775392625158298,0.7054319317987726
point364,0.003177845852874497,0.5256865518168867
point365,0.0028839491817797456,0.44852950894716354
point366,0.0056500596389930935,3.2486249171496313
point367,0.003394983617706014,0.4020413693675927
point368,0.00522674374523591,1.0185500814391062
point369,0.0025662335631452815,0.33167705867379155
point37,0.011929740824001082,1.0377032955676855
point370,0.0026640953488091586,0.32877236448591024
point371,0.003117885130774284,0.7517714788616477
point372,0.0038597779735791114,0.682983533860629
point373,0.0032513308982337207,0.4132475639087574
point374,0.002706722621590628,0.45762237520885746
point375,0.0025066014868251915,0.6457818106953486
point376,0.0011570337320529387,0.17726741978013677
point377,0.0040359379669081125,0.723078434750657
point378,0.0014860057301277322,0.283522423865519
point379,0.0018992995594000587,0.3528419280407378
point38,0.0038255685091465185,0.5224669107115508
point380,0.0035286335356227087,0.8134253078005799
point381,0.003573732711170438,0.39584415050083305
point382,0.002078535794372022,0.31452026054410387
point383,0.004116015328971483,0.705736356861863
point384,0.003858297318888219,0.6763899114919362
point385,0.004331082886430956,1.1310263959961568
point386,0.0015371929946022202,0.2464653076363362
point387,0.005028527615952859,1.1920537751716171
point388,0.0028372340714006333,0.46143517210008855
point389,0.003302614463235268,0.4651789788550861
point39,0.0027429282497899487,0.39586796175170613
point390,0.005215469070944186,1.6819304013798941
point391,0.002638846291579122,0.41126453663376494
point392,0.002286089021080649,0.30941695733220426
point393,0.0027192662821777453,0.36695506180605536
point394,0.004926485355920453,0.8305128655869366
point395,0.004616504531222682,0.9254991022578495
point396,0.006420289416950118,0.5725562846832867
point397,0.003036528997857055,0.46913052387454574
point398,0.0025048695854904867,0.3330429855557958
point399,0.0037422125017329546,0.43109214039198757
point4,0.0037315398294538423,2.1183767990435385
point40,0.0018427565087305406,0.27742168525150934
point400,0.0030207639798909853,0.4780682522620221
point401,0.0063189948859469,0.5812330260228837
point402,0.0018577450922355185,0.327857502322871
point403,0.0027064345790106643,0.7085286725862301
point404,0.00325760611355264,0.9507987785748722
point405,0.002166734321493018,0.28581063095476816
point406,0.0053027250315948555,0.8596185258079387
point407,0.004582268919923761,0.7157227974317117
point408,0.004187497428240062,0.6200760843975157
point409,0.00387882840744375,0.6307822533864946
point41,0.003034859622617298,0.7279887427735956
point410,0.007997032210125264,0.8087336038461342
point411,0.004153506005066078,0.6635939993783234
point412,0.004009414724576307,0.5702116269696604
point413,0.0031420173772345812,0.42250847424541327
point414,0.0056667815379169715,0.9093628732042064
point415,0.0028325479368375497,0.4721169907780173
point416,0.0023595503793698187,0.32996755792913796
point417,0.0026550633798568843,0.34270386624417415
point418,0.003177643200050051,0.3780134406901275
point419,0.00302826118355967,0.4341288424164374
point42,0.0031583875368990963,0.48031471209059673
point420,0.0027893036836478197,0.37610239209561563
point421,0.004623330586589637,2.1273987985253164
point422,0.0025411514951309945,0.38511362502176133
point423,0.006618277678278596,1.857957134498604
point424,0.0033078844947685856,0.5124742615657164
point425,0.005342095071887329,0.4663017333871837
point426,0.003342925835106898,0.5039181285661347
point427,0.0030017332002006962,0.5075530794058061
point428,0.003022848608759395,0.4243134610535675
point429,0.002940749278721835,0.5271784045637021
point43,0.007895646454677243,0.6554374308332873
point430,0.004618213232433564,0.6611194528682511
point431,0.0033245320971510067,0.678755204657284
point432,0.001516343085743816,0.20877674147449007
point433,0.0017833305339386599,0.3236578209231609
point434,0.0027045008948976554,0.3314400935578757
point435,0.008981686742328692,1.3821255042140141
point436,0.004609289522965907,3.7121326915723105
point437,0.0028183116722997003,0.403954861009261
point438,0.003576578759177849,0.4450392794179542
point439,0.0020770740085887984,0.31976920793933
point44,0.001860134722049666,0.2517125895110928
point440,0.004646649416094357,2.590506172338858
point441,0.010279285915317965,0.9041534044447751
point442,0.0024256143801269434,0.310111887674112
point443,0.004274099832588384,0.6631082620615991
point444,0.0026519349706375325,0.4174695285374209
point445,0.0029619803106017734,0.5869754293428839
point446,0.0033275492921953425,0.398399035957656
point447,0.0034505099740520123,0.4419187159547653
point448,0.0032326005559698444,0.5072496793281518
point449,0.002392638144747988,0.41556475052225766
point45,0.0016658263965317881,0.21559915420474954
point450,0.0037648106235537724,0.5292407384094113
point451,0.006490934215016456,0.7000879716895778
point452,0.006018628797056162,2.4331679152482284
point453,0.00419325637498722,0.8316554356968437
point454,0.004221126442403364,0.8828891254497293
point455,0.002606916616413676,0.33631417827881943
point456,0.003022822023544108,0.45734985631765224
point457,0.0034390177236576394,0.40347703017026254
point458,0.004864463718586626,7.047464127611036
point459,0.004148027673347695,0.5324323095221666
point46,0.003815845126402838,0.664588125942885
point460,0.003730124365045424,0.6710878772766122
point461,0.0032025613763923583,0.4954047070344215
point462,0.004003168937625982,0.5746862813585187
point463,0.004350347649147528,0.4760854258410072
point464,0.005108693817736495,0.5319248208945417
point465,0.0019545896545913374,0.3842818552922968
point466,0.002718115532586155,0.49908471899609397
point467,0.0034546868245690565,0.940000547156006
point468,0.002979089707256944,0.5599127964177818
point469,0.0031829703775149037,0.6263726981295125
point47,0.004476260866463977,3.7899164786593755
point470,0.002067536658073997,0.46248297361848323
point471,0.0067913626280979396,1.4241189628408404
point472,0.004578693639705482,62.324512966705925
point473,0.003926140036191664,0.5618260323080122
point474,0.003394191498249571,0.43561128502029667
point475,0.0038285641231288223,0.696896399360868
point476,0.0033745645324750675,0.45497016507011895
point477,0.0020359225406105215,0.3715288945503279
point478,0.001138676482961651,0.169556013617463
point479,0.003679222099265873,3.6569309179773293
point48,0.0030763165202338477,0.5082027534201264
point480,0.0018987752929397158,0.3707624488220396
point481,0.0027358611130039096,0.3372848687843854
point482,0.0027926974767137733,0.48494162244366623
point483,0.0043943765414813886,1.981672888599163
point484,0.0031629928380625233,0.41607257005185394
point485,0.001803022191161507,0.29408944255356106
point486,0.0028457833618430336,0.39039679587932746
point487,0.0032474831535193294,0.5868835291854441
point488,0.004171563705096606,45.06010218707361
point489,0.002533282307437523,0.3163747244267961
point49,0.0025894948973427447,0.35201177973113185
point490,0.004247709388589199,0.9380083418894269
point491,0.0035604433888241534,0.4414545825692782
point492,0.0033621787647958898,0.40871939673493674
point493,0.002599067592184032,0.34594624494243364
point494,0.0026768633032567646,0.8416278811762222
point495,0.0053943086424107336,1.7788695538684611
point496,0.0020925524985540393,0.404237702544604
point497,0.002758902896288126,0.9082760217501552
point498,0.0020864176361523514,0.30303828662303245
point499,0.006833314463899771,2.190407553260339
point5,0.002915960763105233,0.3631215828829135
point50,0.0020527621526378868,0.28557644738305754
point500,0.00224891267745064,0.34019844408359756
point501,0.00867653559774807,0.8266779173904868
point502,0.003001716482325095,0.3868638642959116
point503,0.01007335054413167,0.9097783366397308
point504,0.0033070666763170406,0.3861645364986458
point505,0.0025626431548356043,0.3806768770608252
point506,0.0031915562568804712,0.3863609001500245
point507,0.002821811095703306,0.35258733232039036
point508,0.0047298612476574745,0.836677672042763
point509,0.0028747774581439757,0.5531936748808651
point51,0.002186601539422506,0.29246218787082984
point510,0.003464647422274901,3.2237770058262325
point511,0.003580573159103449,0.47605947007152366
point512,0.0037484560958542783,0.6688157781116235
point513,0.002654895108121408,0.45664099720504464
point514,0.003247334509916342,0.4154775730696908
point515,0.0032679777962149634,0.5137988840014941
point516,0.004300886255217626,0.5850348642124441
point517,0.0022979505334651006,0.4220186811812724
point518,0.003743587616906755,0.4876094378974123
point519,0.002986082086408863,0.7273969438115968
point52,0.006909237967150882,1.226079408929166
point520,0.0033948938228921897,0.5150667446477586
point521,0.015983606211636536,1.579935361333058
point522,0.002853914519418893,0.9238570439715922
point523,0.0032269359649743858,0.6094755298479592
point524,0.0032008815717781726,0.523078093827842
point525,0.0025600604346991606,0.5108651114963003
point526,0.003150714497259093,0.5469054168861115
point527,0.003126753559120856,0.3919777392490939
point528,0.006014282136906814,1.1117483471075424
point529,0.005545546673653147,1.3034544276965945
point53,0.004923859647728352,0.7979031533446624
point530,0.0028972094346004164,0.44307174696213225
point531,0.002954785401072521,0.3628314891500394
point532,0.0024834668548008023,0.3601534312767922
point533,0.002246452813801267,0.4604640644076394
point534,0.003690031142323664,0.5880315287106173
point535,0.0018775393121072878,0.24924384885316075
point536,0.0027999391604091274,0.4018262387529839
point537,0.001907454970037447,0.27963096606522453
point538,0.0015828847304516875,0.21428575991854518
point539,0.00295928483182954,0.3711423778702999
point54,0.0023036588017034316,0.30791068319220766
point540,0.003886755747255532,0.4357450903426741
point541,0.003332084146585774,0.43324723041820645
point542,0.002245264686231631,0.2953893563293355
point543,0.0037879104731437453,0.5859633768010826
point544,0.001470172018561259,0.24813693081147414
point545,0.006540575762526761,0.6155086914698981
point546,0.002916237679134907,0.40605636309992854
point547,0.002375835210468594,0.3694219304937589
point548,0.0031019772532412905,0.407352994454289
point549,0.0023342703918068195,0.5985410103772113
point55,0.003257664818618313,0.6839932267364649
point550,0.002448107735121727,0.6192155951009374
point551,0.004749294324196048,0.4931937256869981
point552,0.005577112021151325,8.998648190802124
point553,0.006251749594490255,3.1696615163282473
point554,0.0032526206367464953,0.4040426780598052
point555,0.012532173539530813,7.469094176653349
point556,0.006546977809795933,1.9720002012620568
point557,0.004230884111529831,0.7570682391488675
point558,0.004463531377438424,0.502827745730354
point559,0.0035961747066385174,0.5545719386257271
point56,0.004080022067784155,1.7175872663979745
point560,0.0014430495693285343,0.2145297970639982
point561,0.005190813432056936,42.873262292014516
point562,0.0029274828914838866,0.3583338698000377
point563,0.003931174000316565,0.5473248184431796
point564,0.006014299058452155,1.648313205890553
point565,0.003214814213214055,0.5417054540083445
point566,0.0045233432157707545,0.7572966478524409
point567,0.003827387098087404,0.6715610497192535
point568,0.005488617812519712,0.8746522102167457
point569,0.007586667230347995,2.139848406169973
point57,0.0033987508064171096,0.5093312529044111
point570,0.0035449482939590685,0.565117203558862
point571,0.0014265287475167265,0.23957811690593617
point572,0.006132451113739388,1.81513487385339
point573,0.002601971935580418,0.40649527220134984
point574,0.0024359106283366443,0.3749109040031938
point575,0.0029290236142093724,0.8349556512799773
point576,0.011043057950542412,4.5164989639870825
point577,0.0030146974795313307,0.39475295836140156
point578,0.0032546411063905396,0.5777461283090674
point579,0.0069100225312887014,1.1343009542543456
point58,0.0017485733583751171,0.23583809482196327
point580,0.0028182901553660687,0.4871308874713268
point581,0.003288553289120127,0.5324520941503206
point582,0.005665967276369096,0.8752829375550544
point583,0.0037604964144222187,3.8648545224550945
point584,0.004483209980019336,0.7646803453108493
point585,0.003575460746686337,0.44161583724669157
point586,0.004071701217724739,0.8342432303568829
point587,0.0017855833266883093,0.25941028825029333
point588,0.002668095042292653,0.3590169366651399
point589,0.002456330076782316,0.546793967490006
point59,0.006740673087404851,11.081661908223206
point590,0.004383569653680617,0.6783561761936411
point591,0.002990806869599461,0.4268610968719361
point592,0.004646070202882993,0.7720890997049076
point593,0.0028110942258315797,0.575369188569163
point594,0.0030859159569212352,0.36806427435364303
point595,0.0038850265812240565,0.5080913557153307
point596,0.00307431431059928,0.4712695444823325
point597,0.0020105967971483347,0.27548597728518254
point598,0.0038564868091382413,1.00391211247166
point599,0.003489864950529644,0.5547547884970326
point6,0.0021724984929954185,0.29880990048791256
point60,0.0042708539477238315,0.777142253252687
point600,0.0021296562953141713,0.35731211476479086
point601,0.0036413831157722084,0.49047799556540045
point602,0.005345570600318981,1.1550393614297416
point603,0.001901446563635085,0.3122298258365418
point604,0.0033175383347103893,0.5278381148171151
point605,0.004840706951460367,0.6134410880747084
point606,0.0015438781652468746,0.27058642078624684
point607,0.003416657605664967,0.4984707302965674
point608,0.008978203238640216,14.959634803418224
point609,0.0027507733677239535,0.3578678694213
point61,0.004060461957064763,0.5007491946115789
point610,0.003498910220463608,0.6085297498656121
point611,0.0028077015946273804,0.4087292732705898
point612,0.002579119270077689,0.4219857883150546
point613,0.003678066936382302,0.4392855238480124
point614,0.004389250446732914,0.8219819320578083
point615,0.005176126773808338,0.7819996502344332
point616,0.0024772580384824243,0.3604089287772099
point617,0.0020109899267144763,0.32989484117453677
point618,0.01580246084477883,1.5683602968817951
point619,0.0024932877820512942,0.56389274438294
point62,0.002085111217882736,0.3019870753864219
point620,0.0037921159083958373,0.6881267402821741
point621,0.00343069019313558,0.6541012025622991
point622,0.002294581467879114,0.3215988885735223
point623,0.0032000352992031925,0.5060142513367987
point624,0.0030601787774670597,0.454996246264516
point625,0.0027112369629657025,0.518320043329491
point626,0.002439571538314182,0.3624925789193536
point627,0.0036352631718577144,2.1016881415394666
point628,0.0040031097256456784,0.7708771236385019
point629,0.004677551960385739,0.7633337047852462
point63,0.0015133297546320722,0.214609186275241
point630,0.013031777865596558,1.262708674237528
point631,0.0034405766668789976,0.4391494711201934
point632,0.0024517945376572982,0.38378778131877606
point633,0.0025655226325517096,0.47120590106612786
point634,0.0065590273888543734,0.5763659222876755
point635,0.0027820042324516766,0.4560764704206805
point636,0.003733769633232475,0.5632648603384908
point637,0.003667278985450868,0.5432972214184688
point638,0.0028098121987456307,0.40996584948224546
point639,0.00360128316578437,0.5482056512770372
point64,0.002011432004175906,0.3598734164146481
point640,0.0026157360577841447,0.3530779255867477
point641,0.00352506754780439,0.4346887275915337
point642,0.0032201589027460002,0.4977269954227193
point643,0.0037975826825683724,0.46613316940590344
point644,0.0053627421516272734,1.4044476582708976
point645,0.0028954351912923665,0.4368834099546498
point646,0.006907067975683749,1.5424557327272361
point647,0.0036488620536322645,0.47959436235822317
point648,0.003086531971032848,0.39943310169283264
point649,0.004127479955226919,0.7346542775176452
point65,0.0038503736215518276,0.48022550066388564
point650,0.002360651363694626,0.33080892325627537
point651,0.0035365380553331253,0.4255251458513483
point652,0.0031171176639275618,0.39602524837387504
point653,0.003393167456443423,0.6170236403576587
point654,0.005599665753322582,1.0593812534967249
point655,0.0033046177445837073,0.40948994896727414
point656,0.0024131429068085203,0.3051931715985348
point657,0.0036181966970414083,0.6138132548870188
point658,0.004758528705117648,0.5177698454918245
point659,0.0032226291192519276,0.39035746349539885
point66,0.0038070888069233985,0.5457185751609125
point660,0.002569563604301588,0.5136170100210403
point661,0.006335904893032909,0.9478812280753501
point662,0.0018982057001394666,0.2970717103106005
point663,0.002780185601758772,0.6340353078753116
point664,0.007396780243281931,2.836357698290966
point665,0.0031749531818628697,0.4980336575152404
point666,0.002127551846433871,0.29799692144150614
point667,0.0037000090446908363,0.666092425407785
point668,0.0031229565182376187,0.5315391175618791
point669,0.004294732877218248,0.8142339763351094
point67,0.0018439302902587733,0.27059339968203944
point670,0.0023065145946070424,0.5176832782880789
point671,0.0035404263805582695,0.49444635498116524
point672,0.0027385401649350164,0.4005094902350103
point673,0.0037483545728439127,0.7608346840417631
point674,0.0026167583302051903,0.47559060268361875
point675,0.0030148193784923834,0.44317743451249436
point676,0.002094674944739635,0.33064822363312046
point677,0.0017721662107495063,0.3036109096411264
point678,0.002550042249826284,0.42838345991901094
point679,0.0023617708071242654,0.2943953912843517
point68,0.0034397939454904945,0.5261079425149612
point680,0.0012180180593342371,0.18915507800820677
point681,0.0035783353891078846,0.6616256262606813
point682,0.00838013895313562,5.263341293931617
point683,0.0016098955729498697,0.2203235885598209
point684,0.0030918610525929847,0.5410371437023238
point685,0.0021298654329729963,0.2727301817314956
point686,0.001833454648262826,0.2402723665173745
point687,0.0023423826043917763,0.38624997044629195
point688,0.002268933432676714,0.3638157183502235
point689,0.0024167790352585166,0.2935044535595491
point69,0.004019242618923944,0.4579929504161664
point690,0.002239001627946379,0.3340480112231437
point691,0.001376270825963653,0.264155256257281
point692,0.002792267387086794,0.3963159697472066
point693,0.003056287244592714,0.3878232067313926
point694,0.005254846911341135,0.8553474749217514
point695,0.004286186737419,0.6014059741697814
point696,0.0035991951565176707,0.4543954688488968
point697,0.0014921801200196267,0.20454212112802939
point698,0.003196475407516469,0.5248592515772094
point699,0.003320723501924141,0.43172674752075285
point7,0.0037869887545196046,0.9903000135316378
point70,0.005135384717537698,1.1175334964115864
point700,0.006012226287802308,1.137647021730071
point701,0.001915223551643917,0.29945393215617644
point702,0.007077253425381691,1.8809789501311676
point703,0.0029278871677674958,0.5733085034874424
point704,0.001989863187698024,0.3101146233961396
point705,0.0030914688310219323,0.5701980217727094
point706,0.0032493984104992072,0.3960288814415865
point707,0.003296589273611123,0.41602252604955003
point708,0.0025883165903581432,0.33080861364818126
point709,0.0028226936655535778,0.3521198573811571
point71,0.0040050580909502705,0.9407823675503562
point710,0.006961736951530513,3.3576881017148943
point711,0.006143932328250951,0.9164752929619044
point712,0.006514023151980291,1.0052595483016193
point713,0.0034828773257367615,0.9574918122570917
point714,0.003248980381399238,0.4220585847241186
point715,0.0029711965032862917,0.3680222201698907
point716,0.0038812485438911057,0.6620172530207035
point717,0.00187402932739208,0.2872563550889096
point718,0.002409197011761767,0.29377415798146284
point719,0.008793015118318323,1.9464613485016662
point72,0.007710342799130322,3.6577037064658042
point720,0.003483657605422295,0.4317439649598613
point721,0.003505597344332697,0.5606779098748976
point722,0.006875516220520893,1.316193415488592
point723,0.005392608625485293,44.94544145187276
point724,0.0030741429873330207,0.5358552887530301
point725,0.002611052244215816,0.5002416054866249
point726,0.00329223148798268,0.5939340891560161
point727,0.0025664832335382925,0.34337085671041145
point728,0.0024764521068378355,0.32289429611392545
point729,0.0032015043381493557,0.42636917088535775
point73,0.004753287207222249,0.739142619511872
point730,0.0039015696613314945,0.6694910692632999
point731,0.004215739745793016,0.9262001706801868
point732,0.004958295987051751,0.9746067800431243
point733,0.0033866963580951362,0.5250388705930872
point734,0.003136333540795663,0.4026578302250669
point735,0.0038268665769289494,1.907195279590345
point736,0.003370988542161345,0.39859897608553635
point737,0.002668830232204448,0.6723548023766613
point738,0.0026531210599592997,0.6369276243641412
point739,0.0027572230026634064,0.4527957452720402
point74,0.003479757298476869,0.4047916929966887
point740,0.0015395228426187387,0.2677486845758773
point741,0.002412678543638776,0.48204439704413155
point742,0.005938950817286044,1.192506322713816
point743,0.003768377791655497,0.44828306307672694
point744,0.0027961783601705838,0.35067556807192773
point745,0.0033277882551178404,0.4365991508149379
point746,0.0029762768939676698,0.38245235203484873
point747,0.003083052000400386,0.38743507212753014
point748,0.0063831912391885005,1.756839764461374
point749,0.005130353454181638,0.7438739567811585
point75,0.005075738902250604,0.8345299106758097
point750,0.0030148599671848083,0.4972736273330894
point751,0.0027608156181979,0.38138598606586016
point752,0.0021384514016074834,0.31863181725656825
point753,0.005364674482528736,0.5531009770714755
point754,0.00308384706235851,0.5071927311900659
point755,0.004908345183363682,2.293796439889084
point756,0.0057553879993509395,2.499250630292583
point757,0.006418694438879944,0.5355154351856651
point758,0.002639360340531567,0.33783244596403406
point759,0.0027275677690039484,0.31368645891735136
point76,0.0027770715146026846,0.6732968689582869
point760,0.004313390212124162,0.6624064235339352
point761,0.0015934117417005244,0.24745457615587368
point762,0.0039030558765692732,0.760473590097795
point763,0.0030278985237435574,0.7222046474152677
point764,0.003127160010287438,0.8734040673360249
point765,0.002417744984872802,0.3204840997720012
point766,0.002643474671029567,0.5117112990478572
point767,0.005787390615904491,0.922210880353822
point768,0.002624252425652787,0.3866950238049319
point769,0.003362321224997794,0.5858921737106313
point77,0.003969181963814751,0.45955965297960355
point770,0.0040514446867518485,0.5596138795775242
point771,0.004524088633602195,0.44150027756570165
point772,0.0036537484908076,0.44388285528166993
point773,0.0021982610816972353,0.32235930328127543
point774,0.006431038090277704,1.6356262295530086
point775,0.002786762777035227,0.3711938530480405
point776,0.0053012536966001176,0.9266487335336816
point777,0.004110158129691134,0.6826958656493977
point778,0.0029815779556094536,0.37712563313978
point779,0.0021922070683508075,0.3011012052768602
point78,0.0017647063564803105,0.23404307669180743
point780,0.003894039884886068,0.4520871263274058
point781,0.003533326456561868,0.6091122939250988
point782,0.005207736316277362,0.898884309693212
point783,0.006282390524040448,1.043934316064323
point784,0.007588050619302839,0.6481322426754194
point785,0.006029877344744135,0.5219346460685564
point786,0.002462928087166456,0.3433033905694346
point787,0.005765614047138766,40.93978692947785
point788,0.002813408776851756,0.7073699675244157
point789,0.0025814996392226524,0.40085717025174167
point79,0.0022477735311081585,0.4740990048086013
point790,0.002992767639816096,0.3774426892854182
point791,0.003887803852979942,0.6173992805803522
point792,0.005192600820762553,1.1189509008146004
point793,0.003966476744150221,0.47290009174008935
point794,0.0031007656142953027,0.479432095524156
point795,0.0036346626595542804,0.5345689215695247
point796,0.003541938286780146,0.7057010506674569
point797,0.002779863112422183,0.3522531833609416
point798,0.002427699457976853,0.6353616586904886
point799,0.0022765444404366556,0.6319000100049886
point8,0.003667020564007738,1.1955229800737173
point80,0.002985396005341167,0.3650797804743169
point800,0.0013459006201956849,0.20150002414533333
point801,0.004409364920844256,0.6515725788231249
point802,0.004102060939510953,0.6942098822424759
point803,0.004360411656047123,0.6679044345095413
point804,0.0024222231802780475,0.356640397179212
point805,0.002987588923323551,0.4230466593709815
point806,0.0036324144125079146,0.9552651269687107
point807,0.005934867134399116,0.6475977555288129
point808,0.0021989727645361267,0.2940046121119521
point809,0.002793616851313687,0.3353188726138655
point81,0.0015389629858820106,0.2451953455955259
point810,0.005647551070015981,68.53060279452461
point811,0.0034200503198859736,0.5698649851984889
point812,0.003498965525925685,0.5469997315289683
point813,0.003447329484265281,0.6034092544627191
point814,0.0018597159621356473,0.39154376843023847
point815,0.0038208212246292703,0.43046389116508005
point816,0.0023605220852398897,0.2906825420223183
point817,0.0015514696760934444,0.2266722925200295
point818,0.0045158889531002186,0.6860091349963323
point819,0.0037393958743113702,0.5596410142383199
point82,0.00495027530962037,2.0159549541418613
point820,0.004108537988812494,0.5782520950051119
point821,0.0029571416756299204,0.37943918018784856
point822,0.003514719391862235,0.4376052065387266
point823,0.0026793303114554306,0.4844492581712482
point824,0.005420441072684581,8.908248809327086
point825,0.0017287594067441471,0.2880301584029338
point826,0.0054385745826751285,0.8208818774834268
point827,0.004345552436947344,2.5380632357666926
point828,0.0035272808369578444,0.7153487651835768
point829,0.0071123309044965445,1.4621584819633997
point83,0.004208694821160026,0.5910170420945733
point830,0.0025061273025262284,0.31180239382115904
point831,0.004125614977539629,0.7362571961626777
point832,0.00354479908956916,0.6256026144032646
point833,0.0019019449519428072,0.25455953030622247
point834,0.05346166583165271,49.725227965284006
point835,0.0030399881404654153,0.3951397472510716
point836,0.004199873782531818,0.6297990291907015
point837,0.0032034147501102447,0.38630855859533547
point838,0.007930868082508069,1.9262124499571864
point839,0.0026552567851207396,0.6832043976863418
point84,0.006156665035978148,0.5307218877799998
point840,0.002745139977237505,0.6268443598356395
point841,0.0020817766784383537,0.27738888710731757
point842,0.0025864565284351862,0.3872984300546422
point843,0.003279898887949012,0.5104252979303497
point844,0.002882522581697906,0.42963952413164674
point845,0.0014775816936746346,0.1967981579612506
point846,0.0028649188732684703,0.340816341818739
point847,0.010393016253906423,0.9019382537735545
point848,0.0058028498019820655,0.5224122791570915
point849,0.006677807903247743,1.3681416493644192
point85,0.003247253931020203,0.48340508131389975
point850,0.002423148377813713,0.36508808703629564
point851,0.0038063913198457975,0.5921980423256661
point852,0.00564959556083851,0.5519924515007055
point853,0.004797654451830656,1.1710075343512483
point854,0.002621685401827393,0.6074532991466126
point855,0.003319476575594591,0.45917730273537644
point856,0.0018981115478960385,0.2520749046763355
point857,0.002691678747072551,0.3504032913691515
point858,0.004946702199133565,0.8226899951846245
point859,0.00311942917409386,0.5701669522763676
point86,0.003009360799420397,0.44092328925368457
point860,0.006900838009773726,1.3912956356175825
point861,0.0020148978274349906,0.3782334683326652
point862,0.003060317406718666,0.4432529007785054
point863,0.0050985311573091005,0.832702664979783
point864,0.0015216778645450349,0.19301715598166008
point865,0.004968045376993969,0.7485382467317904
point866,0.003623150229581015,0.46867123765221164
point867,0.0023675527849051745,0.342585347065728
point868,0.003374530025275441,0.42248828974331754
point869,0.012169128919377438,1.1392235344907198
point87,0.002841710460153873,0.648708040976671
point870,0.0032732773633128557,0.4361999288395288
point871,0.0031249160123682385,0.5080721888532569
point872,0.004066314651164506,0.6473491846072283
point873,0.002167238900485431,0.3172270861263711
point874,0.013748464651741267,1.23465421476787
point875,0.004363356729767283,0.7789769411089245
point876,0.003952251137312854,0.6918834596263728
point877,0.005707899137974758,0.9773008944220762
point878,0.004343466313762249,0.7785126858033289
point879,0.003103135363999799,0.9952735881760759
point88,0.004271536814926999,0.6215674896694902
point880,0.0036107686371984727,1.3444269585621762
point881,0.0028240890557409406,0.43392401366793365
point882,0.0029042575150589607,0.3681536460067397
point883,0.003864929833746337,0.7118740440722536
point884,0.0024339330337051755,0.3734948290577969
point885,0.002732573737156515,0.3235760755233583
point886,0.007020014776193418,1.253368699477244
point887,0.0046010307605812055,0.7167423476017603
point888,0.0029420107841765554,0.34791319804803633
point889,0.003478024401719337,0.5514288591216584
point89,0.002280207884926344,0.2790017645741414
point890,0.0029014339332780405,0.4093967913858983
point891,0.001521594840888965,0.20209541726936867
point892,0.003965335561951241,0.8417087416996183
point893,0.005811039200969805,0.9704408742928814
point894,0.0018534021050545316,0.24388057084092046
point895,0.003682909310211414,1.041613709455305
point896,0.004359183875168017,0.7761469789275024
point897,0.004272775630185572,1.0827582559310778
point898,0.003715846972557135,0.5177576482845263
point899,0.006076163745894196,0.9914782001427406
point9,0.0026165313534729636,0.4144014856004733
point90,0.003618766541605573,0.4584516877630001
point900,0.008073245627189451,0.6765186862507536
point901,0.0037538315143828154,0.8006785989845756
point902,0.0026758064806159843,0.4179334177502168
point903,0.0069100225312887014,1.1343009542543456
point904,0.007521546735115345,0.703957303571387
point905,0.002376155881074007,0.30418181194398
point906,0.0020537014070697627,0.5256534530028578
point907,0.0017847525397033442,0.2602572434608883
point908,0.003347514572645897,0.8338517650626506
point909,0.0029511692065895367,0.3679635261864789
point91,0.0026895177757295615,0.4392580208174424
point910,0.0075130066840289065,0.676763612934167
point911,0.007503927605492567,1.6326984675077219
point912,0.0016942091178312221,0.21755944012157796
point913,0.00605053968517272,1.09114097854252
point914,0.003046118950688901,0.41628481281031765
point915,0.0028899603911744795,0.39097674234437857
point916,0.003929032013109203,0.8447819750753498
point917,0.0026741739716555453,0.3683330078976569
point918,0.007965472137528282,1.8475929940456775
point919,0.0032917341076288426,0.41775606422757217
point92,0.0030746296024159892,0.5026601090912621
point920,0.0027474439368441674,0.33366449062263187
point921,0.0036411695387410666,0.42316909621332655
point922,0.0020784129154406777,0.28337988759615856
point923,0.004029885029467151,0.6060454260598267
point924,0.004910500543603086,0.9217123593756461
point925,0.0022911583369722385,0.3220323421008502
point926,0.002904702945476562,0.5135726481686506
point927,0.0019134476570987038,0.2682828604846184
point928,0.005738896460014092,12.730500818117024
point929,0.0025084117611184134,0.3389634161070426
point93,0.0032172285831864296,0.4075585143407565
point930,0.003000181507705909,0.3563007900408618
point931,0.0028603628219268035,0.9094831579789736
point932,0.0028849237418277804,0.43720866349114723
point933,0.004727148029655537,0.9736869685797872
point934,0.002335766660750375,0.301112491965791
point935,0.0029804292891492993,0.41817351100516065
point936,0.0042023971699906406,0.48614926861201213
point937,0.004208485302088257,0.5030034890942208
point938,0.0032620498720480422,0.6774319360722907
point939,0.003743795680699179,1.0016941336360365
point94,0.004435261758403069,1.0673776252809126
point940,0.0020527621526378868,0.28557644738305754
point941,0.0010795527705932885,0.17259209435563205
point942,0.004032156450502353,0.4768254825308278
point943,0.002336922178467043,0.37634849185767466
point944,0.0037680844543794834,0.4230982168164847
point945,0.005195250540138549,0.8162016948782109
point946,0.003993419272658084,3.8791393758973105
point947,0.003781038242842936,0.6621995698636646
point948,0.006634427968249613,1.3173905444391247
point949,0.0050880752457125224,0.7215565748331437
point95,0.0034752473860685594,2.148329846107575
point950,0.004843157298933181,0.7847923343636974
point951,0.0025746092859569372,0.39213666848543016
point952,0.003543796510198024,0.5439209496880354
point953,0.0024764482130793537,0.5398917978630635
point954,0.0024383474574366532,0.3539301374282128
point955,0.002055853049475243,0.3707862284718564
point956,0.0024034178417649105,0.31002365526674786
point957,0.0022158661753168348,0.27676793798120963
point958,0.002897094620440284,0.421710982988079
point959,0.0035533210475581357,0.5264184310015037
point96,0.0024098885005175846,0.3199364810621086
point960,0.0032446558087989683,0.589933058908261
point961,0.0036432931975519563,0.6404287679113021
point962,0.0018334669404729855,0.39382424902697744
point963,0.005402890891714123,0.5211383705169307
point964,0.0023721959969006793,0.405329727739955
point965,0.0042411031272577065,0.728026469804448
point966,0.006034411331275129,2.688992838001956
point967,0.0027819512223826812,0.3483937558823914
point968,0.004690461531225601,0.7389300745642041
point969,0.00522902611781995,3.2667113133020633
point97,0.002632793723419801,0.36916192817169186
point970,0.001892238608755946,0.3492088520817285
point971,0.003832778479703745,0.6810959531573079
point972,0.0028813004637422202,0.4013701476958901
point973,0.0020744452360705297,0.3801300959933201
point974,0.002163626272242667,0.29497188774351196
point975,0.007070373407637491,2.469845607283569
point976,0.004448071053552906,4.87113735932175
point977,0.002476691987882489,0.34692249770395234
point978,0.0043200843124277565,0.7180317469016312
point979,0.0033723540774192127,0.43556066393486365
point98,0.0024800574018056,0.5679867368159907
point980,0.0035232449487524312,1.1509971367043927
point981,0.0026573507787847808,0.6511782044620482
point982,0.001749279697464861,0.3072471715942908
point983,0.003161344187732671,0.5979865837306259
point984,0.0028412923611952144,0.3966068183325292
point985,0.003093566810541949,0.3861728378956366
point986,0.011459465680948664,4.513880229274447
point987,0.003538722690111606,0.44051831121587287
point988,0.0037952797994546257,0.4578991772964335
point989,0.0036466587472461,0.9429868803610418
point99,0.0038056840376856334,0.43338723166287213
point990,0.003352269761182854,0.5927753925802213
point991,0.0022473734451767206,0.28566415966386377
point992,0.004422376346637224,0.7113104531455122
point993,0.009357426599489944,0.8136110769140309
point994,0.0031325680158343825,0.8162599025264391
point995,0.0065951515859203995,1.1191975498955669
point996,0.0027056033673186278,0.5945403606723799
point997,0.0021788280823008266,0.28163508387151087
point998,0.002285470742643336,0.31484727710470706
point999,0.002122683037512121,0.3977171140448336
