point,XGBoost_RMSE,LSTM_RMSE,LightGBM_RMSE,TimesFM_RMSE,Informer_RMSE,Autoformer_RMSE,NHiTS_RMSE,LSTM_minus_XGBoost,LSTM_over_XGBoost
point977,0.002487677384190028,0.00517037493765503,0.002504953536933656,0.06799776624885444,0.021429721527673737,0.03635867888706462,0.01938510641933804,0.002682697553465002,2.0783944777222274
point480,0.0019081125061831546,0.0040413742958168705,0.002091855490622855,0.04014008703001847,0.014729967379587913,0.026046453280087402,0.012868186453258901,0.002133261789633716,2.1179958114214834
point329,0.0021740796200616134,0.004175950554540329,0.002043080968577354,0.06329518392476034,0.02140074566656082,0.03678904570341606,0.019391896006544125,0.0020018709344787155,1.9207900741105253
point697,0.0014748853063160376,0.003083379311844255,0.0014234014390795567,0.031025605902145568,0.012786412844396269,0.022884269737578348,0.0182834012185401,0.0016084940055282174,2.0905892130323727
point517,0.0022992881735836228,0.003684759046666325,0.0023501139984545,0.09944607667436293,0.0183923603887407,0.02961901298454302,0.013174747190062728,0.0013854708730827022,1.6025651281993663
point701,0.0018987554623452834,0.0031763592083467016,0.0018125866913299715,0.05218505144040537,0.015052215864204218,0.024030187861272916,0.013083542259245257,0.0012776037460014182,1.6728637633112386
point201,0.0025245672240397604,0.0037520148035724344,0.0025182236820899067,0.026876830146500746,0.01756419044116661,0.026479102457168013,0.022075780832074066,0.001227447579532674,1.4862011864229694
point248,0.0021060657689835126,0.0033292967869700354,0.0019489131656893132,0.05483220657013699,0.014284011995180116,0.028444123508345777,0.019136438197375927,0.0012232310179865228,1.580813304124359
point125,0.0017117156657719416,0.0028877067497537386,0.0018321120636182267,0.04144122347315994,0.010841635694270805,0.019244751606686022,0.018175024930358087,0.001175991083981797,1.6870247830859537
point907,0.0018261068619658926,0.0029935452273969396,0.0017210365969551956,0.016655929288711516,0.00983160750899866,0.015951884684289055,0.013207514275359098,0.001167438365431047,1.639304517028233
point478,0.0011236430578163961,0.0022275132417363306,0.0011203196281840612,0.054839689072873225,0.015136787840464848,0.02403887686951021,0.015151991043105691,0.0011038701839199345,1.9824028869676045
point359,0.0020193645748666127,0.0031148049819991943,0.002089194050828252,0.12904571068640788,0.015807655290635627,0.027136396800936494,0.010899863239544455,0.0010954404071325816,1.5424678736898907
point267,0.0021040275416544106,0.0031958620533306856,0.0019925343904660733,0.04778386690734895,0.018266609841414476,0.0292766869463228,0.015434646783539346,0.001091834511676275,1.5189259598844216
point183,0.0025111725669796584,0.003589175519438508,0.0025362476416458443,0.045470813606172125,0.01712612566000675,0.025928774306942386,0.02067545582560054,0.0010780029524588494,1.4292827050732837
point617,0.0019420608741195207,0.003015063443721868,0.001956508499818261,0.026155476761994777,0.011375501529093729,0.019186513712361512,0.011784179632688463,0.0010730025696023473,1.5525071762175418
point891,0.0014703626905768887,0.002536338893682853,0.0014629593987618651,0.018672713499147113,0.012494579910379559,0.016476847534412736,0.01665271677462794,0.0010659762031059643,1.7249750078245896
point223,0.002487742415018979,0.0035405848116467084,0.002223799412433384,0.05323366626195145,0.017366628967389754,0.029396642487147566,0.022522001240162882,0.0010528423966277294,1.4232119813818012
point189,0.0018324444997051645,0.002812335006593125,0.0018358925850847439,0.025551161623523368,0.01217876362197585,0.01668214056432333,0.013029583293999213,0.0009798905068879604,1.5347449852072585
point957,0.00224543745221461,0.003199252735725175,0.0022188576961555163,0.05006696134941044,0.008923648278219856,0.015668065975893215,0.01937513620593008,0.0009538152835105651,1.424779270769642
point308,0.0014899515203213001,0.002432016615883691,0.0013558850806737036,0.03588060824786685,0.011618610403157821,0.019630267070923784,0.016919261617307536,0.0009420650955623906,1.6322790256687274
point679,0.002350527389086684,0.003287541612632709,0.002285415646082202,0.06046256193431411,0.016207285454109023,0.024516254162915634,0.021002215853828905,0.0009370142235460249,1.39863999368674
point204,0.0016435569319813506,0.0025751849253357172,0.0015432033386440385,0.048051338990802564,0.014710403889373357,0.029179512498543753,0.01280230258313756,0.0009316279933543666,1.5668364601348277
point680,0.001226440585452584,0.0021127496092729946,0.0012586777073784348,0.02521489393677367,0.01242713231492014,0.019008825479249515,0.013155653228101145,0.0008863090238204105,1.7226677218067947
point850,0.0024628868228396376,0.003345858368079804,0.0022462661213008576,0.03309119630652976,0.013361574590928862,0.020627180066855308,0.014184646321734098,0.0008829715452401666,1.3585108081507886
point465,0.0019667947385031952,0.002832796814851504,0.0020293085661392284,0.023125299855826623,0.011337294309963856,0.016569090057147254,0.0102766176472376,0.0008660020763483086,1.4403113651846398
point376,0.0011978234296416593,0.002055137901503675,0.0012183968839923555,0.027662445815895328,0.011750898639914721,0.017393122306956266,0.014042249492222767,0.0008573144718620157,1.7157269182140558
point67,0.001818279607268635,0.0026641901502560523,0.0017484493270840562,0.021902751338164866,0.01242919368308685,0.01811658600314798,0.012830060030182843,0.0008459105429874172,1.4652257769409396
point164,0.0025534084445271543,0.0033729052423377257,0.0024850974943452227,0.03619244185770794,0.014017086565237574,0.022174894558673258,0.01292245293826711,0.0008194967978105714,1.3209423073566782
point982,0.0017543994386135158,0.002571623917570347,0.0017659784825425466,0.03976000314021438,0.011633295381078544,0.022194852063548855,0.011413350181577403,0.0008172244789568311,1.4658143755464692
point203,0.0016242059567865442,0.0024030992037903927,0.0014550622082640761,0.017930249841898047,0.012744157151866772,0.016832984092195167,0.011590892515676937,0.0007788932470038485,1.4795532510820681
point513,0.0025953205316382334,0.0033229452911401835,0.0026467035161958554,0.025399928060593942,0.011829234519486385,0.019368813016641877,0.011217298027666842,0.0007276247595019501,1.280360267886701
point779,0.002203327902441331,0.0029278554771134794,0.0021314274159978915,0.02850427395998827,0.015966177140141345,0.02399527323162665,0.01842331438135115,0.0007245275746721484,1.3288332952482276
point800,0.0013708816894185607,0.0020875828573605876,0.001320594934495893,0.025185455316262036,0.012169626178545839,0.018472364398452394,0.01374125511462753,0.000716701167942027,1.5228030788317009
point941,0.0012411038852142937,0.0019549284715143418,0.0010264339058272235,0.01958971173331015,0.01421495130446492,0.020999882066754887,0.01228059386200629,0.0007138245863000481,1.5751529705160792
point804,0.0024491160990101064,0.0031593320423339965,0.0022863655827990137,0.05202141551395619,0.014287429305421505,0.020116828597209806,0.01440960462053455,0.0007102159433238901,1.2899886794304884
point379,0.0018401394900540418,0.002541482310606685,0.001956707115616371,0.014780962737449605,0.015227499217816824,0.02181569169537983,0.010161068173510587,0.0007013428205526434,1.3811356825628724
point121,0.0018787515770201256,0.002573972369084095,0.001718098353593042,0.037205116340590656,0.012410925920177035,0.015350980128075977,0.01379291505100125,0.0006952207920639696,1.3700440231521478
point54,0.0023468671883195855,0.003038380117411032,0.002217298829690088,0.03136531828938108,0.01677118059205601,0.026317996097778157,0.019317478739930057,0.0006915129290914466,1.2946536269854225
point728,0.0024972542801139225,0.003186698148448632,0.002500085774894088,0.03107548451591442,0.0135504647143497,0.01914133209645342,0.016957063724987745,0.0006894438683347093,1.276080763510898
point600,0.002122038419935525,0.0027991397746198344,0.0019407362496643105,0.025916845346902313,0.008353382714098091,0.012876083128408235,0.011855835287458873,0.0006771013546843095,1.3190806294189916
point196,0.0015231506609687442,0.0021983428108387493,0.0015131628542843297,0.018132904520211435,0.01303981166289489,0.01878054089020854,0.010409486111906119,0.0006751921498700051,1.443286516017118
point717,0.0019327887508253918,0.0026040959717431437,0.0018202596696691544,0.09085896475759034,0.011074554264115827,0.024816983394281542,0.013359489921965093,0.0006713072209177519,1.3473257078048866
point884,0.002519842172243233,0.0031851860516439313,0.0024186670284734907,0.037497388579084245,0.012075190051153064,0.01993728645009712,0.01430960524099294,0.0006653438794006982,1.2640418859282725
point544,0.001457784831844619,0.002122383469698177,0.0013323973953041088,0.04102947319359752,0.011570640651854347,0.019834652339505248,0.011922531312190298,0.0006645986378535579,1.4558962498001868
point185,0.002115414763796738,0.0027163836168241015,0.0018585157045720297,0.03524361666546965,0.012814094231562375,0.017728300886291612,0.012331531806788728,0.0006009688530273635,1.2840903180370864
point191,0.0019042285872728972,0.002502046006600253,0.0018596299456517748,0.026871800857438934,0.012124102735513754,0.016704754137679623,0.014136161793417567,0.0005978174193273557,1.313942046308373
point287,0.002416619105354839,0.0030040595187718327,0.0023379950403853308,0.03020971920758278,0.01345627241211923,0.020667418128435654,0.021586244741740954,0.0005874404134169936,1.2430835757754792
point195,0.0022615123034655247,0.002846301329371588,0.0021988575612157425,0.026756681736081516,0.012131611828117774,0.01798400535846607,0.0188697115437977,0.0005847890259060634,1.2585831724240177
point740,0.001590649406000395,0.002172553075167697,0.0015572496576019622,0.019979763629417627,0.01144733803139998,0.019577585194916286,0.010834037170604448,0.000581903669167302,1.3658277348686587
point402,0.0017765273817898098,0.00234370211538683,0.001722188387313505,0.01858900735151262,0.015150265234708048,0.020213295339085707,0.010895426597922031,0.0005671747335970201,1.3192603386870427
point685,0.0022337783792269485,0.002800623318476283,0.002279261683274477,0.0336732552024829,0.016169408177851896,0.02310094483542088,0.01954375906971447,0.0005668449392493345,1.2537605988672451
point193,0.002536796704373631,0.003103219525915449,0.0023622449461246603,0.021338162166953042,0.011546214016211065,0.01585814494977036,0.011878883245120892,0.0005664228215418181,1.223282701591839
point752,0.002136133359719142,0.0026895096130303054,0.002135166001155631,0.02339018669721113,0.013256013580892177,0.018527388027626556,0.015398266366326878,0.0005533762533111632,1.2590551057092807
point662,0.001971537021697411,0.00252256307342293,0.0019067411821424597,0.024030292851544163,0.011560085452313722,0.016533364606639765,0.012981699641771413,0.0005510260517255189,1.2794905932078864
point603,0.0018938108331667518,0.0024427593142401184,0.001804790466568383,0.034057120629449766,0.012234586012732753,0.021074966484662463,0.011747158250421108,0.0005489484810733665,1.2898644740327299
point302,0.0020117198253212874,0.0025583656566214637,0.0019641570886043728,0.03535581422911053,0.011008751237429252,0.015849922647183576,0.015153872237139427,0.0005466458313001764,1.271730598078126
point905,0.002390379611708045,0.0029282469209491345,0.002135806898937414,0.025939197641999753,0.011091492360453457,0.016616266927875177,0.02074886279638056,0.0005378673092410894,1.225013343741146
point998,0.002343259571715615,0.0028642758365501437,0.0024702883890035466,0.02805827793757948,0.015048533240668927,0.019761422343117025,0.0176753016331708,0.0005210162648345289,1.2223467989306311
point670,0.0023015149058840103,0.002817145331806215,0.002442271148813377,0.037706556574133146,0.016006900020253293,0.024512032175520147,0.00955657931650919,0.0005156304259222046,1.2240395769777348
point392,0.002358154687939619,0.0028736938003517515,0.0023061381386764897,0.023217805009368032,0.014330240428077212,0.019176352872757697,0.018516213589494155,0.0005155391124121327,1.2186197178025555
point292,0.0014613963827429803,0.0019622846892861597,0.00133292674286462,0.01651677445650221,0.012327492725574185,0.01669466030604195,0.01551739684615935,0.0005008883065431794,1.3427463708395342
point51,0.002218385276170023,0.0027124485744964366,0.002203904830215167,0.020415972505612504,0.011006619889432358,0.01721239084326473,0.017428774561179056,0.0004940632983264138,1.2227130262870296
point449,0.002371595506706735,0.0028611384514254426,0.0021695567243971703,0.021775218898288415,0.012298321863236998,0.015725530651277082,0.011320650977360017,0.0004895429447187077,1.2064192411118626
point172,0.0015002374954873902,0.001984659910604216,0.0014916084219474914,0.01577294901953701,0.012201549661881259,0.016715685994018254,0.010163300910050852,0.00048442241511682566,1.3228971523335036
point301,0.0021061081680964202,0.0025795292371239126,0.002001687827313583,0.03366690026153118,0.009099534805988966,0.015663510505685888,0.013111254270695307,0.0004734210690274924,1.224784783706237
point571,0.0015028955096166492,0.0019698756483223583,0.0013086673800841314,0.017730379211322377,0.012320233068681585,0.018444616744714946,0.011215138411832954,0.0004669801387057091,1.3107202967322884
point89,0.0023004629149867544,0.0027633659636015625,0.0024332523569789923,0.024376219504118495,0.013355392412318567,0.021706125260353686,0.02066739807977102,0.0004629030486148081,1.201221695685311
point718,0.0023724585873774865,0.002833395639801571,0.002406671157951463,0.03557468006302507,0.013120519221752721,0.02052436199966275,0.02132957098439544,0.0004609370524240844,1.1942866589437937
point140,0.002391992370739089,0.0028514507135591997,0.0022645169050915202,0.023202811476016924,0.013453634454417612,0.01916464913137319,0.01798149228612519,0.00045945834282011067,1.1920818596416112
point45,0.0016947754635000696,0.0021527915281942373,0.00181802087679509,0.019186646546520355,0.01234786000146458,0.0212854912094348,0.019813726391482663,0.00045801606469416767,1.2702517675989171
point825,0.0017809596412188648,0.0022218110396553456,0.001717404099060189,0.026264618759729953,0.009994375441303369,0.014760892232894417,0.011306107331801887,0.0004408513984364808,1.2475358723652874
point817,0.0015977416522746433,0.0020355552701334227,0.001464558923658972,0.031228071297270468,0.012052472175502309,0.01830211522313703,0.015785153526920642,0.00043781361785877933,1.2740202818368545
point676,0.002121461741426315,0.0025569950726216577,0.0019662289811670664,0.0298827442649466,0.009302024838524296,0.018076794513974048,0.0121037479830227,0.0004355333311953425,1.2052986969741541
point842,0.0025370033186303126,0.002971372341641441,0.002295818986756618,0.01900965598791647,0.013647834058690897,0.019750633692669526,0.015738698792117718,0.0004343690230111286,1.1712134232625433
point64,0.0020707325531562066,0.002500827816223146,0.002032960079800397,0.028309941629071193,0.010986244826551693,0.016451463625533243,0.010704727099287126,0.00043009526306693946,1.2077019856627014
point606,0.0015716210413172032,0.0019913346448002327,0.0015524852465080938,0.017997958369509477,0.010245629689422029,0.014800602298905018,0.010248999015153623,0.00041971360348302955,1.2670577654847763
point691,0.0014226110040499362,0.001836272193477783,0.0014927599832122876,0.01941569971756001,0.013219830053404803,0.021000280126384288,0.009687422779984262,0.00041366118942784674,1.2907760366327987
point16,0.002362168578115663,0.002773715155987951,0.00243729349122528,0.036119327577896994,0.01289832894535703,0.02001146080128398,0.018599587665424445,0.00041154657787228783,1.174224050597009
point496,0.00205253547458076,0.002457284451035176,0.002130525910781177,0.021140671711309983,0.011751257447098921,0.018205676022604176,0.010540862230040221,0.00040474897645441594,1.197194631453124
point233,0.00197437974929995,0.002375911237427998,0.0019290420643060992,0.031409094467387426,0.013405562783202178,0.01943868469200065,0.010560047724008044,0.0004015314881280481,1.203370951444583
point147,0.002432033570826874,0.0028276093006583216,0.0024511826384125924,0.032177170647125435,0.012080190298503247,0.016995911092351768,0.020399258082001426,0.00039557572983144745,1.1626522489559856
point962,0.0018363683455430674,0.0022309271149335637,0.0019717439987651754,0.0680848448140361,0.01339747363852364,0.020435188035074967,0.008496456760721041,0.00039455876939049634,1.2148581848233797
point666,0.002129642771353548,0.0025161036262276695,0.0020954173014655214,0.029303912357082483,0.01377443607707667,0.021191874250023737,0.016735966516126535,0.0003864608548741215,1.1814674555153195
point677,0.0018119413266166882,0.002193668032294817,0.001562014762387679,0.018282476198890115,0.013816117481612471,0.0187881734003872,0.011300715120283555,0.000381726705678129,1.2106727740411445
point943,0.00235015947003008,0.0027308630763585146,0.002343294526709997,0.08457252817987672,0.009976650075446108,0.017396010776508902,0.012935174464392086,0.00038070360632843454,1.1619905419965233
point856,0.001956663506976601,0.002326053897056116,0.0019512554559625638,0.029766767875403843,0.00797036168569997,0.01618810828172845,0.018653348782271744,0.00036939039007951495,1.188785853450239
point156,0.001931824122231745,0.0022994332046744775,0.0020474118071041798,0.0263474647875762,0.008599303880740605,0.015908558200856196,0.01865142942953836,0.0003676090824427324,1.1902911751707763
point498,0.0021947689279611087,0.002560113607096914,0.0020310214381999937,0.03448658178514018,0.011642726464389628,0.017643060178454052,0.013896766816639467,0.0003653446791358054,1.1664615689065738
point687,0.00230664845318664,0.0026712390034775986,0.0022628325839679666,0.03360934501313476,0.012687068077602818,0.016547014750696632,0.011034227795141537,0.0003645905502909588,1.1580607351706655
point355,0.0019056663178784068,0.0022511492901406546,0.0020740554399145458,0.05217597682680754,0.011550815043814621,0.02135607253850695,0.008750119821893478,0.00034548297226224775,1.1812924797069808
point197,0.0021222264515896056,0.0024673961253925737,0.0021007295653227114,0.03187285713866776,0.009509109478315996,0.01581600318637094,0.01220052487069791,0.00034516967380296805,1.1626450718981598
point255,0.001980380329336031,0.0023173160017491375,0.0021613846462856918,0.02397304431310659,0.010833664884727671,0.016912795570287895,0.009283260651419389,0.00033693567241310654,1.1701368506957812
point999,0.0021022217267439997,0.0024390720798068122,0.002259940888818711,0.020724397802288574,0.011756899844982256,0.01656444809642392,0.0098268784121943,0.0003368503530628126,1.1602354065593923
point912,0.0017588386476112714,0.002093865879872604,0.0017975498830920698,0.027735994226213964,0.010691967009122144,0.016345461247014127,0.019721238041649766,0.00033502723226133246,1.190482073336484
point360,0.002138421128976529,0.0024655841340540884,0.002001589106134429,0.029113762479645304,0.010942827488011609,0.016476241200983743,0.014051834906395782,0.0003271630050775596,1.1529927854922306
point310,0.0019226515777920454,0.002249558819988775,0.0019882598965006064,0.03311451676790006,0.014722780690532762,0.02081533954688925,0.019876072560023186,0.00032690724219672945,1.170029372962181
point538,0.0015892618919259563,0.0019157509835288128,0.0016279703450664859,0.020767293909653973,0.011653304796427021,0.016517413499614712,0.016856147959858202,0.0003264890916028565,1.205434417865012
point78,0.0017897238280366174,0.0021161451514222244,0.0017805709337292768,0.022630280800550184,0.01107478564926788,0.016949838801159026,0.01816408742200959,0.00032642132338560705,1.1823864208947261
point560,0.0014853293719040298,0.0018043492766760092,0.001488885405804342,0.01637825778899417,0.011530452612506873,0.01553152834058305,0.013447111906189546,0.00031901990477197937,1.2147805805274225
point150,0.0019510434363850145,0.0022606139366733247,0.0018703843576994635,0.03814532146210902,0.008636292134331985,0.014847538042114725,0.016115171123751083,0.00030957050028831024,1.1586691995242797
point312,0.0014944504168379876,0.0018039424425852146,0.0013361019113057593,0.012740440828517817,0.011063361359796357,0.014436848428913485,0.014932504147233731,0.000309492025747227,1.2070942081852816
point678,0.002582140439216123,0.002889623831158388,0.0024014978546020244,0.030479498140671003,0.011393506137685958,0.01843177719514178,0.012248435968394413,0.000307483391942265,1.1190808165475343
point974,0.00222040310625226,0.0025228821488036037,0.002191366850207061,0.03693326834601736,0.01070291694087559,0.01741995577719725,0.017564900928466066,0.00030247904255134355,1.1362270849376928
point704,0.0020263402613610237,0.0023257094226931713,0.0019117800792059231,0.027305318586158797,0.01107953973759077,0.01928376955542192,0.013740367552825608,0.0002993691613321476,1.1477388408258105
point81,0.0015530027692746958,0.0018522967764974627,0.001405485525243007,0.011027578437178026,0.011249542543406498,0.013721509423204315,0.01115999128314292,0.00029929400722276695,1.192719557971263
point485,0.001833333691202408,0.002126074211944317,0.0015831505896027587,0.036621310566385464,0.010789348133506465,0.015152248047121697,0.012103205344060562,0.0002927405207419091,1.1596766165083197
point773,0.00223084683658983,0.0025213959600964724,0.0020116973043449405,0.0302928416654124,0.008957684894143841,0.016731023607128893,0.015272954200647362,0.0002905491235066426,1.1302416278612784
point63,0.0015698112340950944,0.001851959583131929,0.001578661444454299,0.025570172463802797,0.010765598797879515,0.01760824667136431,0.015334659059317008,0.00028214834903683467,1.1797339341882573
point845,0.0014845751216453166,0.0017553429670527866,0.0013617315376143271,0.02480942578257895,0.00951370532620468,0.01611502138131562,0.01767403830051333,0.00027076784540747004,1.1823874329157456
point23,0.00243537060373794,0.002694377213727688,0.002326586754716452,0.027069105039527072,0.0095251182495671,0.016692979543396085,0.018587688213834996,0.00025900660998974794,1.1063520310182813
point433,0.001751220958052546,0.0020050572763985895,0.0017808716779047424,0.023128462179765878,0.0112088673617841,0.0158102087030022,0.009491116316109171,0.00025383631834604344,1.1449481958166623
point442,0.0025091681073872813,0.002762314526811874,0.002234369723479339,0.02030966442669308,0.009547818970584317,0.013865909198955308,0.019553921985779522,0.0002531464194245928,1.1008885848179324
point688,0.0023042595874459794,0.0025439042817603755,0.0020993388984210833,0.03889439652452788,0.011684730489783184,0.01710926344043172,0.012905372218935127,0.00023964469431439614,1.1040007365576445
point343,0.0020560802628236887,0.0022925237567305713,0.001916313310649239,0.022309301221705647,0.011428363222073506,0.015383527214439797,0.012413158558730389,0.00023644349390688265,1.1149972100710535
point632,0.002572000838119499,0.002808443452824532,0.002337681644745858,0.03020205307612812,0.013277647552472547,0.016259473819262387,0.013154812677568286,0.0002364426147050333,1.0919294469895688
point378,0.0015691611069831,0.0018002239163673708,0.0018207989021113299,0.013354775174905291,0.012251480132057952,0.019211257252677687,0.0090255415813171,0.00023106280938427074,1.1472524448611376
point316,0.002508389881518528,0.0027357887503404424,0.002478854005689867,0.020752620041837044,0.011680469819642898,0.014377755629688025,0.010456496653010907,0.00022739886882191434,1.0906553125960832
point137,0.002091203953064941,0.0023180526447787314,0.0019443357389081828,0.05415239452838341,0.013571122600223265,0.021718402988413484,0.02115397515065792,0.0002268486917137904,1.1084775549421246
point269,0.0018388366702077608,0.002064911451379129,0.001880141777819385,0.02720145450385776,0.011969982474760547,0.01880440828824761,0.01819782957668404,0.0002260747811713682,1.1229444598501646
point761,0.001659636448790252,0.001884405654758419,0.0017294746764964929,0.023758212153788174,0.010589328162481194,0.014861958803666695,0.014154753476108135,0.00022476920596816688,1.1354327968224647
point291,0.0017533564838471455,0.0019780785864970097,0.0016054731049462913,0.02076465346490588,0.011161485341904646,0.014523848672476504,0.012608633701779741,0.0002247221026498642,1.1281668073321791
point273,0.0020936553749980515,0.002309747648060907,0.0019939082931344446,0.06180846612873464,0.009032771814763831,0.01833484753234575,0.01555527865042537,0.0002160922730628555,1.103212914428697
point587,0.0018644475848494258,0.002075498081460582,0.0017647747358550615,0.040019849070047256,0.01106004955364757,0.017976485097652706,0.015316211726302473,0.00021105049661115623,1.1131973343343953
point814,0.0018796465402990618,0.002089406249858027,0.0019699980872568486,0.029021228367779445,0.011657643192390366,0.019674221324930317,0.008820404736381833,0.0002097597095589651,1.111595294680026
point331,0.00246612189078318,0.002668708787430003,0.002545387265712236,0.02418882895071592,0.008436669975835793,0.01428788978728056,0.010505841630402512,0.00020258689664682302,1.0821479657611273
point686,0.0019027060706925984,0.002097336407841081,0.0018387227593006845,0.018049931176850248,0.012075356359536823,0.014761217409070935,0.01832694524942973,0.00019463033714848285,1.1022913313550506
point532,0.0024692930266036286,0.0026638129277879825,0.002398262787439408,0.02989299647770909,0.009777611558563026,0.013550309162129149,0.015629703209385868,0.0001945199011843539,1.078775543885897
point547,0.002429153488980779,0.0026128391605168767,0.0024144113357815224,0.04995721078157076,0.01156164809145885,0.01873129449538228,0.013932711087570968,0.00018368567153609783,1.0756171532055672
point266,0.0024020951898840494,0.002580126705802235,0.0025090998587531574,0.03293045327041056,0.010966701953999965,0.016372998379507273,0.01933503264242507,0.0001780315159181857,1.0741150961327137
point439,0.002165584882947041,0.0023424139524241766,0.0022237782976637405,0.026863314440269875,0.00947533244578861,0.016354700696084686,0.014256673518980563,0.00017682906947713573,1.0816541853748525
point525,0.002566279067137297,0.0027429483599525546,0.002609736668205592,0.03640510013046233,0.013144992705028979,0.020651842947975407,0.009793871321448508,0.00017666929281525768,1.0688425881181869
point991,0.0022801085350492275,0.0024548541015057086,0.0023655775581816387,0.033173682204921145,0.012531387017851787,0.02085953427089272,0.019426233243180675,0.00017474556645648114,1.0766391440452674
point925,0.002280662047948258,0.0024500749912293143,0.002352615130680348,0.028117594780270035,0.013789997249155013,0.017680671362081016,0.01676908077740506,0.00016941294328105642,1.0742823529831895
point106,0.0021131544498390773,0.002279647247054142,0.002296576716798595,0.015924845340804815,0.010695710684643768,0.01576582187104671,0.0088879162911496,0.00016649279721506465,1.0787887497895592
point956,0.002410467642475088,0.0025747668222322424,0.002480158869512324,0.03073818468575637,0.00946446794468608,0.018573392645069093,0.02065626390306685,0.0001642991797571546,1.068160707433704
point537,0.0018869082548130238,0.002047444712140416,0.0017977692437806483,0.042621081790765056,0.009640371662991922,0.015778177160896165,0.015495820107729168,0.00016053645732739207,1.0850791006493847
point683,0.001584638765099658,0.0017449869088320994,0.0016440157768923159,0.025240170082091673,0.00980643825872245,0.015157631530984657,0.016684774294733317,0.00016034814373244136,1.1011890831298432
point833,0.0019226744547564802,0.002074674706811084,0.0017617989091669494,0.04143500736423068,0.007977786474598871,0.016232763213586954,0.01891210712083053,0.00015200025205460376,1.0790566763284197
point830,0.002515400803608577,0.002667243523598871,0.002759480291601309,0.040543218960775076,0.009120435981528693,0.01524454763435875,0.020786849098999152,0.00015184271999029407,1.0603652188440353
point58,0.001734456635006364,0.0018822858326112077,0.0018310171836558803,0.025067076096383516,0.010681618191439398,0.015650940938393462,0.01831301835869856,0.00014782919760484366,1.0852308409568863
point166,0.002424977393156535,0.0025693542318092335,0.0023571220021455534,0.022510903238791534,0.0096282684056849,0.016968369879388732,0.013398081186838913,0.00014437683865269838,1.059537395713519
point622,0.0023893456646424693,0.0025304903728909692,0.0025681161006331148,0.02276421799737652,0.009073853766425721,0.017335098470064373,0.017697042871982593,0.00014114470824849994,1.05907253619146
point597,0.0019990727612951204,0.002138659831916576,0.0020511011768445243,0.03195650741956876,0.0102289031032501,0.018469366267626283,0.01711629964955766,0.00013958707062145578,1.0698259079529566
point970,0.0019049027342242196,0.0020432830049528163,0.0021382247929366206,0.022265445819908258,0.011460851390492048,0.016474241294187925,0.010740465198257025,0.00013838027072859667,1.0726442711443493
point259,0.001751424714208939,0.0018895909639248796,0.0016895525721849906,0.014441211403111541,0.011203178993517615,0.01417918001170865,0.014228050050514793,0.00013816624971594053,1.0788879182730646
point927,0.001881148107255058,0.0020122020355430284,0.001662107475616804,0.018639256393559945,0.010186514153674598,0.01474313786046824,0.016034870131406743,0.00013105392828797048,1.0696669910160357
point62,0.0021184211691810968,0.0022359676659336482,0.001816185354420168,0.0303712023072009,0.010270106381726993,0.016147071453935957,0.016208290699140163,0.00011754649675255148,1.0554877842341381
point158,0.0019453477992581617,0.002061445622962145,0.002099831317407138,0.018620512666401818,0.01110776716637164,0.01756631508834583,0.00959593061468106,0.00011609782370398318,1.0596797260357536
point405,0.002203032937317862,0.0023133706695213176,0.002275475712287144,0.025674464608325186,0.010914523868111049,0.019103104085019598,0.01914153146476096,0.0001103377322034557,1.0500844677963777
point219,0.0020811367536346208,0.0021894899627831694,0.0021882194437360366,0.014884569012170622,0.01043637847125623,0.016800562253018878,0.009227861705503984,0.00010835320914854858,1.0520644349581132
point864,0.001553251918264952,0.0016470474567528946,0.0013440892488698836,0.026459794297098122,0.01299212903418068,0.020605470828574182,0.018726813362912986,9.379553848794264e-05,1.0603865589251718
point973,0.0020541595352478966,0.0021362758764600235,0.002065952833878234,0.04508065710499775,0.010859997368647432,0.016066282155640835,0.010286721815990826,8.211634121212683e-05,1.0399756395757338
point953,0.0024780944194579125,0.0025563515102654906,0.0024676770573062944,0.03172988092185188,0.009052380489687841,0.013920417953225463,0.008981248596771702,7.825709080757802e-05,1.0315795436175095
point168,0.0020706061525615185,0.0021439851454693242,0.0021888847962522836,0.034469392634393456,0.011228138321611096,0.015105303554489241,0.009774113026986055,7.33789929078057e-05,1.0354384115091273
point955,0.002007918201637382,0.0020747609414608317,0.0019964674259434047,0.015855425880540144,0.010243906206043256,0.014463829715115938,0.010051622450903597,6.684273982344958e-05,1.0332895731354703
point229,0.0020881234859684546,0.0021525484931596383,0.0022728799636532768,0.029008214383601752,0.010604044502526281,0.016124959690010758,0.015732211249102786,6.442500719118375e-05,1.030853063826972
point861,0.0019778400241430125,0.002024911334433197,0.001972122137545882,0.038499503003674905,0.009033065280960276,0.015333606738770381,0.009469573500360418,4.70713102901847e-05,1.0237993516743502
point50,0.0020626169114614113,0.002099457192373947,0.0020738241710550093,0.027183716424901805,0.010933454333366727,0.014625204462634902,0.017452055726117088,3.6840280912535644e-05,1.0178609419460414
point940,0.0020626169114614113,0.002099457192373947,0.0020738241710550093,0.027183716424901805,0.011848895748953016,0.014625204462634902,0.017452055726117088,3.6840280912535644e-05,1.0178609419460414
point382,0.0022116205383277887,0.0022470954669570856,0.0019877809723421185,0.032211775790412706,0.008886899545300886,0.0189895713408092,0.015429248704809675,3.5474928629296906e-05,1.016040241992019
point873,0.002210664877515581,0.0022429242455774636,0.0019773456175729335,0.022934954614019138,0.011047183665457561,0.013565636239557323,0.014582162700324239,3.2259368061882815e-05,1.0145926089431234
point117,0.002355973866983281,0.002379729241746074,0.0022359138746581844,0.02709779796656148,0.013110666386734018,0.01870451294942251,0.01694214109948957,2.3755374762792717e-05,1.01008303831197
point894,0.0019378594691506724,0.0019594741028468618,0.002059954714348862,0.029511857746136093,0.011528200045254835,0.01480697413141849,0.017708981110324623,2.1614633696189368e-05,1.0111538705671277
point477,0.0020677843623730036,0.002088413051414293,0.001969239844827166,0.02162291666957247,0.010276787024268418,0.015707885719666363,0.01041742569283237,2.062868904128927e-05,1.0099762283808045
point789,0.00260953798147258,0.002629919776582599,0.002523183104585452,0.021542873821186675,0.012724046456435583,0.017383939251987054,0.014165793456784129,2.038179511001893e-05,1.0078104995040222
point98,0.002415268848374515,0.002423419842300962,0.0026520991111407947,0.05325184726645424,0.010328826726785052,0.020743146019060077,0.008787952721184149,8.15099392644696e-06,1.0033747770696138
point369,0.0025784016725348253,0.0025816565221890137,0.002508718005573012,0.031051526068383063,0.014392751883537837,0.020536209591031515,0.020698808984472038,3.2548496541884298e-06,1.0012623516688106
point245,0.002281844301254658,0.002283818552839663,0.002151674003528156,0.027593066093579824,0.01102669489527768,0.013955822757172552,0.012062665028695288,1.974251585005072e-06,1.0008651999542297
